date,team,orders,revenue_eur,fulfilled_on_time,processing_hours,incidents
2025-07-01,North,92,12590.37,85,6.6,4
2025-07-08,South,76,10314.45,70,6.7,4
2025-07-15,Central,101,14194.08,93,6.3,2
2025-07-22,North,96,13264.81,89,6.3,3
2025-07-29,South,87,12177.10,81,6.1,2
2025-08-05,Central,93,13172.00,86,6.2,2
2025-08-12,North,93,13176.85,87,6.0,1
2025-08-19,South,90,12726.73,85,5.9,1
2025-08-26,Central,103,14759.64,97,6.0,3
2025-09-02,North,106,14912.05,99,6.1,1
2025-09-09,South,87,12709.65,81,6.0,2
2025-09-16,Central,102,14982.04,95,5.8,3
2025-09-23,North,107,15640.27,101,5.9,3
2025-09-30,South,94,13846.88,89,5.6,2
2025-10-07,Central,104,15303.77,99,5.6,4
2025-10-14,North,113,16457.58,106,5.8,3
2025-10-21,South,92,13314.46,86,5.5,2
2025-10-28,Central,108,15436.68,102,5.9,1
2025-11-04,North,109,16089.09,103,5.9,3
2025-11-11,South,98,13984.38,94,5.9,1
2025-11-18,Central,112,16908.18,105,5.2,1
2025-11-25,North,115,16780.16,110,5.3,2
2025-12-02,South,107,16218.88,102,5.2,2
2025-12-09,Central,112,16546.43,107,5.5,1
2025-12-16,North,119,17903.19,112,5.6,1
2025-12-23,South,102,14888.81,97,5.6,0
2025-12-30,Central,122,18309.61,116,5.5,0
2026-01-06,North,117,17960.45,112,5.5,1
2026-01-13,South,115,17538.24,111,5.0,2
2026-01-20,Central,129,19232.89,122,5.0,2
2026-01-27,North,118,18243.38,115,5.3,3
2026-02-03,South,117,17713.84,114,4.8,2
2026-02-10,Central,133,19814.55,127,5.1,3
2026-02-17,North,128,19920.33,123,5.0,1
2026-02-24,South,109,16438.23,105,5.0,2
2026-03-03,Central,129,20087.57,124,5.0,1
2026-03-10,North,132,20829.32,127,5.0,0
2026-03-17,South,122,19022.58,118,4.4,2
2026-03-24,Central,139,22097.85,134,4.9,3
2026-03-31,North,137,21186.31,133,4.3,2
2026-04-07,North,128,18640.00,119,5.2,2
2026-04-14,South,111,15820.00,102,6.1,3
2026-04-21,Central,142,21730.00,136,4.8,1
2026-04-28,North,135,19450.00,128,5.0,1
2026-05-05,South,123,17610.00,116,5.7,2
2026-05-12,Central,151,23190.00,146,4.5,0
2026-05-19,North,144,20880.00,139,4.7,1
2026-05-26,South,132,18960.00,126,5.3,2
2026-06-02,Central,158,24490.00,153,4.3,0
2026-06-09,North,149,21980.00,145,4.4,1
2026-06-16,South,137,19870.00,132,5.0,1
2026-06-23,Central,164,25760.00,160,4.1,0
