date,team,orders,revenue_eur,fulfilled_on_time,processing_hours,incidents
2026-04-07,North,128,18640.00,119,5.2,2
2026-04-14,South,111,15820.00,102,6.1,3
2026-04-21,Central,-4,21730.00,136,4.8,1
2026-04-28,North,135,19450.00,141,5.0,1
2026-05-05,,123,17610.00,116,5.7,2
2026-05-12,Central,151,23190.00,146,4.5,0
2026-05-19,North,144,20880.00,139,4.7,1
19.05.2026,South,132,18960.00,126,5.3,2
2026-05-26,South,132,18960.00,126,5.3,2
2026-06-02,Central,158,24490.00
2026-06-09,North,149,nan,145,4.4,1
2026-06-16,South,137,19870.00,132,inf,1
